Actions,C1,C2,C3
id137,6.473904,93.7242,14
id91,94.19771,4.095221,34
id141,50.35837,47.37923,48
id121,6.34476,94.729,27
id138,7.442274,97.02881,5
id112,94.77197,7.823251,12
id114,95.34637,8.168108,31
id148,51.6229,52.18359,27
id158,51.73535,50.90455,48
id21,79.6548,21.54243,35
